"RED","GREEN","BLUE"
154.23272261952,160.004082467361,165.015860296108
155.027343324116,160.362602359836,166.781801756692
154.005039587181,159.541313799923,164.004385206645
154.000000000001,159.000000000001,164.000000000001
153.810843193429,159.014132292942,164.186366199226
152.426436520912,159.99984727807,164.00001035401
152.999999999999,159.000000000001,164.000000000001
151.928219090282,158.999986824847,163.999999999999
151.999999999999,158.000000262339,163.088774659968
151.999999999999,158.000000000001,163.000000000001
151.999999961674,158.999996157909,163.000000000001
150.96667076251,157.210704731963,163.000011484574
150.999999999999,157.000000000001,163.000000000001
150.000000831108,157.130095126015,163.000000000001
149.999999486023,156.002771036732,163.000000000001
149.999999981862,156.000000000001,162.827700109273
149.999999999999,156.000000000001,162.000000000001
149.824250468269,155.935659589989,162.060898940292
148.971914090838,155.00000000017,162.999999998947
147.980972834795,154.000000000001,162.319069404533
148.999999999999,154.000000000001,162.049048230164
148.017043129509,153.999999999999,161.029251983388
147.999999999999,153.971155305527,161.000000000001
147.999999999999,153.000000000001,161.006911467029
147.033666532093,153.000000000001,158.081887063067
147.000000000001,153.000000000001,158.000000000001
147.136218846448,153.000000000001,158.000000000001
147.999999999999,152.999999999999,158.000000000001
147.323874932849,152.662022862678,158.000000000001
146.669968179626,152.670104464986,158.670104464774
146.999999999999,152.999999999999,158.999999999999
147.000000000001,152.804476639598,159.065674018432
147.000000000001,151.999999999999,159.999999999999
146.023871458407,151.999999999999,159.023871458407
146.000000000001,152.000000000001,159.000000000001
146.000000000194,152.000001285401,160.426766999158
146.999030661275,152.999030661275,160.000969338725
146.999999999999,152.999999999999,160.000000000001
147.000000000001,152.999999999999,160.033963899319
147.000000000084,152.999999999999,161.999999996624
154.000000000001,160.000000000001,165.000000000001
155.000000000001,160.000000000001,165.000000000001
155.906858146656,160.007687272406,165.012409219315
154.158847368728,159.001903882747,164.157853681157
153.96936676883,159.010952555322,164.308322813596
152.999999999999,159.000794481339,164.999999999999
152.999992578332,159.007690083042,164.445689472035
152.855393337015,158.856402250564,164.344081857452
151.999999999999,158.000000000001,164.000000000001
151.670089800773,157.670089800773,163.395712018647
151.647557397686,157.658112446826,163.346778924421
151.000000000006,158.258064358854,163.000000000001
151.158531725633,157.148616125297,163.000003353871
151.132666101112,156.990592678524,162.999999999999
149.999999486023,156.002771036732,163.000000000001
149.999999999999,156.000000000001,163.000000000001
149.999999992338,156.005479159712,162.823397938593
149.895125210664,156.05258391876,162.002085796944
148.485752792611,155.99999975847,162.000000308741
148.987365641973,155.013346802448,162.009092949254
148.984001840096,154.95737720125,162.000352934013
148.017043129509,154.000000000001,161.029251983388
147.999999999999,154.000000000001,161.000000000001
147.999999999999,153.923482541562,160.951868752097
147.999999999999,153.000000000001,160.000000000001
147.019242879326,153.00000000162,158.039023678258
146.999698624406,153.000000002201,158.000000000001
147.96434638609,152.96434638609,158.000000000001
147.315525900162,152.648133957409,157.999324378469
145.999999999999,152.000000000001,157.999999999999
146.667713633361,152.669192935185,158.667848317506
146.983444829018,152.79254959862,158.962712328805
146.999999999999,151.999999999999,159.000000000001
146.095848345093,151.985911968436,159.022087885169
145.999999999999,151.999999999999,159.000000000001
145.999999999999,151.999999999999,159.00418292562
145.999999999999,151.999999999999,160.999999999945
146.980883825765,152.990087529366,160.00090196347
146.990810112026,152.999999999999,160.017397109242
147.000000000001,153.000000000001,161.000000000001
155.07896047205,159.175794939654,164.175794939654
156.001336493564,160.000000000001,164.999999999999
155.940188684191,159.933517553804,165.4082034149
154.999999999999,159.000000000001,165.000000000001
153.999999999765,159.000000001218,165.000000003299
153.026501408301,159.466712501432,165.931597311439
152.999999999999,159.000000000001,166.000000000001
151.694844073391,159.081620143236,165.000000519396
151.135860172972,157.162500984726,164.017395189933
150.999999999999,157.000000000001,163.999999999999
150.971986511543,157.007855484801,163.988356179867
151.389047247021,157.289890137043,163.241669003488
151.999999999999,156.999999999999,163.000000000001
151.012854060642,156.999999999999,162.012854060642
150.844885762955,156.844885762955,162.155114237045
149.004805724764,156.407964276018,162.999968981855
150.000000000011,157.281998767971,161.99999999997
149.118480765179,156.896440898287,161.82914106131
148.987942064705,155.057617377625,161.977804176953
148.999999999999,155.000000000001,161.999999999999
148.750881426956,154.750881426956,161.501762853911
148.000000000001,154.000000000001,160.825529611489
147.999999999999,153.999965202831,160.999965202826
147.999999999999,153.000000000001,159.603679776454
147.62050726081,153.032468751429,159.336546928908
145.999999999999,153.243473300487,157.999999999999
146.57378721285,152.50474313802,157.998870909711
146.999999999999,152.000000000001,157.999999999999
145.004287053416,151.999540381068,157.999030040046
144.913864244696,152.08609769417,156.999961940715
145.042408987276,151.001643671912,156.056209122426
146.999999999993,151.000000000008,158.000000000004
146.999999999999,150.93964592921,158.999999999999
145.942243368187,151.91384657897,158.856089947157
145.927023706282,151.927023706282,158.854047412564
145.819925132378,151.675525036147,160.270942491632
145.999999999999,152.000000000001,160.000000000001
145.999999999999,152.999999999999,159.999999999999
146.251906454012,153.172982066109,160.599382033477
146.999999999969,154.322269042733,160.659029733179
155.000000000001,159.000000000001,163.999999999999
155.999725889008,159.27603307613,163.887507435846
156.999977122461,160.999962506502,165.999968327929
155.643318817924,159.610005049077,165.153255814794
154.999999999256,159.000000000302,165.999999999082
154.000000000001,159.517915861561,166.423397112557
153.196187518047,159.196161700352,167.599100119293
152.041795716597,158.988295988454,165.993796253748
150.788882956924,158.000000000007,164.459374608755
150.999907716391,157.019939837241,164.042906546701
150.970918226743,156.960437732084,164.035283233947
150.000000000001,156.398807477273,164.000000017947
150.818531406779,156.155970138129,163.3085516522
151.011564678603,156.997445152281,162.014119526321
150.999999999999,157.000000000001,161.999999999999
150.999999999999,157.000000000001,161.996473794037
150.700784078406,157.042379478812,161.765275774793
149.99999977014,156.999999849161,161.000000172876
149.000018801992,156.999973686844,161.000003754081
148.966254014455,155.044728946388,161.945278885873
148.001568758217,154.999474599762,161.998905152622
148.000000000001,154.000000000001,160.000000000001
147.993521635861,153.999049870583,159.902719609512
147.916148753928,153.206719984802,158.931048319313
147.999999999999,153.000000000001,159.000000000001
146.941652116502,153.089233454855,158.353793251437
145.432032946685,153.074737721313,157.866956039267
146.007868167924,152.000000000001,157.007868167924
146.007867892085,151.999999997664,157.007868163831
144.075909074217,151.640033852437,156.000011748113
145.000000000001,151.000000000001,155.999999999999
145.060671438502,151.000047140413,156.083107736252
145.999999999999,151.000000000001,157.594204029187
145.346954263759,150.998024317376,157.299401527935
145.000000000001,150.999999999999,157.000000000001
145.099578518386,151.001062729775,157.417533765871
145.000189662379,151.0001145529,159.999821885861
145.723350362203,152.412805286109,159.480213382573
145.999999999959,153.062262980728,159.000000000111
146.000000000542,154.032655255707,159.999999998229
155.007290376271,158.874359734361,164.25873034287
156.055452488937,159.000000000001,165.449616522686
155.337918854557,159.136727498858,165.47721303664
154.000000000001,158.000000000001,166.017541578835
153.489644611491,158.463073575774,165.469185974381
153.080253907416,158.232164938232,165.61407792933
152.731807144433,158.000000000001,166.059823897693
151.994496180909,158.000215036225,165.031429824992
151.933090435622,157.962322248316,164.983632280612
151.000000000001,156.999999999858,165.123096689848
150.050584055489,156.001133383165,164.99354172011
149.000169652547,155.000090790818,163.999933713992
149.999999999999,154.999999999999,162.999999999999
150.974666438862,156.949332877722,162.001233970796
150.999999999999,156.999999999999,161.996473794037
150.999999998567,156.999999998567,161.000000001399
150.062074912504,156.215028987564,161.000000000001
149.00000000005,155.99999999975,161.000000000001
148.001168368567,155.082133525985,160.999775058019
147.999999999999,155.355030643608,160.000000000001
147.97433456865,154.088626104918,159.993050019076
147.990583745857,154.0208563894,159.8750573753
147.000000355404,154.000000000016,158.000000000088
147.999999999027,153.999999997284,158.000000002364
147.311080535905,153.132646952029,158.15433025818
145.44310526013,152.999999901057,156.999999883407
145.999169337082,152.000857174556,156.99999999993
146.000000000001,151.999999999999,156.999999999999
145.988992470913,151.967011012731,156.966994214929
145.000000000661,150.996425035943,155.03929054117
144.998628486277,150.997492022785,155.993733818673
145.025527855158,151.00655763262,155.990526188817
144.158889768883,150.085202273509,155.194936529475
144.93288811134,150.06903308867,156.002101900907
145.053603188866,150.976678252156,157.206694013493
145.999999999999,150.999999999999,158.999999999999
144.930235203814,151.435037678492,159.000000000598
144.888400171784,152.999999369499,158.963638528314
145.002847876488,153.984164139569,159.123410963362
144.282300699117,154.780762731455,159.999909859201
155.000000000001,157.999999999999,166.000000000001
155.024940523425,158.02494049315,166.000754131763
154.86103260631,157.506409227767,166.026285821186
154.000000000001,156.954798669772,166.320487474215
153.447870349566,157.85125423397,165.520006517647
153.000000000001,158.000000000001,165.000000000001
152.61846214788,157.667711094727,165.28267760866
152.03124709533,157.932498059911,165.047030462
151.999999999999,158.000000000001,164.999999999999
151.92935569134,157.875038387594,164.956190655659
151.000000000001,156.000000000001,163.999999999999
150.833595432483,155.916900338739,163.292972155063
150.063785921622,155.141781338297,162.462238877269
150.000000000001,154.999999999999,162.000000000001
150.455280103781,155.920286058092,161.990122588269
150.00435048491,156.00435048491,161.000000000001
150.00435048491,156.00435048491,161.000000000001
149.212142683715,155.223823946329,160.999999999999
148.9853890734,155.011915047497,161.000000001298
148.850709958637,155.017420202063,160.925162523056
147.254621489427,155.047113378481,159.889698415803
147.656388070666,154.999999993985,158.999998920724
147.999993536454,154.999985120967,157.99998874309
148.1602624723,154.999999999999,156.999999999999
147.352441799549,154.20351637327,156.442153332892
146.000303253299,153.000201805361,156.000462673859
145.010852642796,152.006735862291,156.006899343755
145.999999999984,151.985551495705,156.985551495663
145.989211324174,151.953313103351,156.953313103351
144.999999999999,149.000000000001,154.000000000001
144.740673999155,148.892200628124,153.820230575581
144.001498601429,150.852223042648,153.073021804615
143.937984590062,149.939137309659,154.893976062495
144.000000000001,149.999999999999,155.000000000001
143.943287153016,149.92183030035,154.978773974545
144.97253062632,149.998010420377,157.003470883743
144.610817985986,150.002158071403,158.388865186293
144.016825170037,150.038276530241,157.945708671284
144.00072075312,151.602510984729,157.992796562012
143.344033995546,153.84543761371,158.999468055793
155.000019484543,157.965308506574,167.499069908647
155.019885987505,157.999999021721,166.01625857081
154.000025792205,157.852991661214,165.472102816942
153.999999999999,157.853013557774,165.472088990324
153.000000000001,157.337497426922,165.035324799539
152.729462963949,157.255505005084,165.031405496913
151.999999999999,156.999999999999,165.000000000001
151.998845851544,157.717510176172,164.903363727134
151.999999999999,157.77823022112,164.895261307034
151.085765283406,155.914909039132,163.389635925666
151.000000000001,156.000000000001,162.999999999999
150.999999999999,155.999999999999,162.000000000001
150.140960865556,155.087015921348,161.601345840529
150.001371088378,154.423764757213,161.96596939892
149.999999999999,155.967835641506,161.016109377932
149.999999999999,155.999999999999,161.000000000001
149.990520986006,155.981041972012,160.999999999999
149.000000000001,154.793319040374,160.999999999999
148.999999999999,155.000000000001,160.999999999999
148.05924191174,154.05924191174,159.11848382348
147.999999999842,154.000002720855,158.999999998135
147.820678350469,154.114357337639,158.734869343805
147.602276043898,154.000000000848,157.000000001286
147.334117852283,153.999999999998,155.999751954405
146.999999939271,153.269915559966,155.422828245899
146.038098757438,150.339066661136,155.071050516472
145.999992213276,150.000899050102,155.998728692846
145.999999999999,150.999999999999,155.999999999999
145.726599559435,150.477869828406,155.491985566196
144.448767255741,148.199255698551,153.930224795793
143.999999999999,147.999999999999,152.999999999999
142.226634042955,148.09370761576,152.906243249861
143.900150555533,149.345356251538,154.827696926018
143.069456324727,149.345457419166,154.972344060276
142.999999999568,148.999999999516,154.000000000357
142.942241216086,149.000314296064,155.999995959461
143.860182098944,149.822695542564,156.822965391695
143.999999999999,150.000000000001,157.000000000001
143.843354745583,150.556361358073,157.266768505358
142.063543432676,153.219453371032,158.069031788462
155.920304138796,158.998907296061,167.005547597627
155.991622561422,158.002880272201,165.825004141866
154.591079205132,157.999999999985,165.001361218302
154.000000000001,157.999999999999,165.000000000001
153.442189132796,157.354190282386,165.035304678921
153.000000000001,156.896427903942,165.057763921314
152.397526090532,156.913069078685,164.714233897009
151.999822382551,156.01548086331,164.982500186389
151.999999999999,155.999999999999,164.000000000001
152.015112644169,154.964811972393,164.308094689225
151.05452728663,155.580833450612,162.867402535483
150.727887774828,155.727871293756,162.144358749971
150.000000000001,154.999999999999,161.000000000001
150.000000000001,154.224425678166,161.346655707113
149.999999999999,153.999999999999,162.004416043961
149.974780781966,155.893033727211,161.015677962225
149.965668403551,155.905910212381,161.000000032765
149.000000000001,154.000000000001,160.999999999999
148.997032691335,154.790156082084,160.894656061228
148.066855522811,154.074745617146,159.125820951289
148.000000000001,154.000000000001,159.000000000001
147.993681528432,153.999999999999,158.999999999999
147.000000000772,153.999999999854,158.999999999498
146.999999999952,153.000000000038,156.999999998352
146.00508047952,153.001195746891,154.888320281493
146.012891526968,150.897624435048,154.995915363931
145.999999999999,150.000000000001,154.999999999999
145.954967896528,150.374532559807,155.377984052417
145.818269415006,150.79405061199,155.755842876242
144.013431061506,148.996135361055,153.992481659327
143.969420013631,146.878816183566,152.05511069153
143.000000000001,146.961831451163,152.023136631319
142.070447906685,146.758409815505,151.570286228386
142.458618035344,145.156876660253,150.961377983183
141.052297032514,145.704592051367,150.270713618056
140.984105627739,146.046103476725,150.941414153545
141.014414234489,146.989086774465,152.358870715639
142.862262457014,149.915762327822,156.052367555573
143.936404212778,149.971518406557,156.930803615254
143.124874888406,150.888013493523,156.53839937801
154.205749091579,157.201049249726,165.097885268965
155.000000000001,157.999999999999,165.000000000001
154.320081636463,157.999999999999,164.551231380919
153.999999999999,157.999999999999,164.346956395665
153.000000000001,157.177182852061,164.763192970282
152.642076424926,157.111083505788,164.482981281882
152.000000000001,156.999999999999,164.000000000001
152.842845773471,156.060435284745,164.007706165868
152.790305897448,155.934912677184,163.944811294063
151.000000000001,154.919443789363,163.033654639492
151.000000000001,155.172234426078,162.35039373876
150.485661585312,154.8158669892,161.485877275775
150.000000000001,154.000000000001,161.000000000001
149.999999999999,153.237373713206,161.099615101396
149.994569183163,153.00000068807,162.46536520234
149.000000000001,152.999999999999,161.018119883745
148.999999999999,153.232456618693,160.6651284319
148.999999999999,153.736701779037,160.368013536544
148.999999999941,155.999999999739,159.999999999966
148.381491761657,154.387090472747,159.381491761657
148.377871678372,154.377871678372,159.377871678372
147.012830367737,152.131177443106,157.131177443106
146.967892556823,152.133872373229,157.053764266843
146.420612729453,152.000000000158,155.999999999967
145.359523344622,151.849715543476,154.410092255572
145.875294466192,150.117054053748,154.876693657395
145.000000007638,149.999999999138,154.949543953083
143.625437279469,148.88206656464,153.010948115549
143.941174460917,148.000003591139,152.00000903166
142.122930956078,146.683408172646,149.785218588119
142.518639173743,146.000062327048,150.000064566624
142.05716374408,145.999999998566,150.999999999999
141.000000362959,145.000000189068,150.000000159537
140.004481027981,144.005313939414,148.007299925535
138.999999999999,142.999999999999,146.000000000001
138.985567976352,143.012726113636,146.99819500279
139.708116002707,144.240758691792,149.186827889426
140.037065498706,145.984433081869,151.0417018119
142.006875787223,148.108185635188,154.851465153961
143.999999999999,150.000000000001,156.000000000001
154.000000000001,156.990198991163,165.000000000001
154.999999940733,157.000000014168,164.999999993165
154.61484851807,157.986949949184,164.304558273502
153.999999999999,157.999999999999,164.000000000001
153.784778659961,157.999999999999,164.000000000001
153.000000000001,157.999999999999,164.000000000001
152.35038522439,157.315097049341,164.000000000001
152.930306769813,156.069036586581,163.999343356393
152.999999999999,155.999999999999,164.000000000001
152.871860889785,155.933913072137,163.937947817648
151.000345976095,154.981567168991,162.429443346675
151.000000000001,154.999999999999,162.000000000001
150.877022543628,154.079338732128,161.882947553562
150.539979454678,153.626004043092,161.542540562853
150.000000000001,152.999999999999,161.000000000001
149.83566225317,152.20462668312,160.937235781258
149.111443905932,151.888674295834,161.377534395211
148.999999999999,152.999999999999,160.000000000001
148.999999999999,153.735361762769,159.999999999999
148.999999999999,154.98810716106,159.999999999999
148.999999999999,154.999999999999,159.999999999999
148.819576716439,154.729365074659,159.729365074659
146.999999999999,151.999999999999,157.000000000001
146.953370402431,151.990151145658,156.931823198581
143.508955583323,149.836880903184,151.999433447156
143.395291439544,149.173666448478,151.016784821601
142.369096986563,148.176566528793,150.929053734078
143.000155327925,147.000257967804,150.999320583929
140.420423363551,146.721734029807,149.035687137436
141.905319749568,145.184993691391,148.922396208914
142.000000000001,145.999999999999,148.999999999999
143.168261526262,144.948040317229,149.041762060739
141.003571984222,144.664420328507,149.000478643993
140.879512893792,142.258475207997,148.224143418171
138.996788420141,141.764190649178,146.141907518837
138.000000000001,142.000000000001,145.000000000001
137.90427713238,142.002475381431,145.908907863055
137.683299566173,142.250269646042,147.38102756844
138.934445729407,143.029081164046,148.000000129832
144.793677637067,150.756937131886,157.661227950901
154.101837663992,157.088563569248,164.782746158854
155.055050847625,157.999999999999,164.000000000001
154.448172799843,157.999999999999,164.000000000001
153.534945356738,157.534945356738,163.534945356738
153.000000000001,157.229844162986,163.229844162986
153.000000000001,157.25685246405,164.000000000001
152.999982750204,156.936792753777,163.968413626685
152.609862821948,155.607961518246,163.607961518246
152.609131201646,155.608990316472,163.608990316472
152.081264180216,154.717583127586,163.075190993295
151.000191357041,154.429355565813,161.429558943134
151.000000000001,154.083334499145,161.870239385135
150.999999999999,153.999999999999,161.999999999999
150.9999135693,153.000081194349,161.000052442882
149.999295736657,152.001130756558,160.000732811468
149.000000000001,151.999978966287,160.000000000001
148.894250222892,152.164030446144,160.000775844533
148.722449176195,153.026280211975,160.000191243376
148.999999999999,153.999999999999,159.999999999999
148.992413275531,154.957287469417,159.992413275537
148.989290032571,154.975284697871,159.989282791847
146.889698308026,151.668175878766,156.918203059753
146.946149370623,151.846112651243,156.903279684538
144.213898475772,148.303701957059,151.470459292663
143.999999999999,148.000000000001,150.999999999999
143.601335077958,147.624344351683,150.489530974883
142.999999999999,146.999999999999,149.999999999999
141.203150402918,147.934093518356,148.844824471799
141.000000000001,145.000000000001,147.999999999999
141.220202615356,145.203931308867,148.171766939965
141.981208964963,145.002100322942,148.004789640291
141.867628140249,143.99999940917,147.863380199206
140.99968359661,142.958120650883,147.004634873204
139.998904953588,141.999022453439,146.000668115834
137.392201151221,141.000831623278,144.827819445474
137.032236760355,140.999999999999,143.999999999999
136.088401524004,139.99992980269,144.961831567971
136.53070765711,141.041693753165,146.041693773617
144.614145860513,150.523324667051,157.422408471871
144.999999999999,150.999999999999,157.999999999999
154.000000000001,156.958554704865,164.000000000001
154.85458335137,157.079662024356,163.986742848145
155.055225617122,157.880321916268,163.722334533683
153.295160863708,157.147580431854,162.999999999999
153.000000000001,157.000000000001,163.000000000001
153.000021617308,157.000021617308,163.463130118669
153.000000000001,156.999999999999,163.999999999999
152.999789198065,155.000067141501,163.000033570751
152.000000000001,154.999999999999,163.000000000001
152.000000000008,154.999999999985,162.709645372093
151.526061214859,154.526014374835,161.000043534446
150.999999999999,153.999999999999,160.999999999999
150.909261563847,153.909261563847,161.728662791139
150.65361512889,153.776278152129,161.480183549117
149.000000000001,152.999999999999,159.000000000001
148.885738689004,152.197532594734,159.555189633003
148.663579603814,151.999937711761,159.635912073209
148.000000000001,151.999999999999,160.000000000001
148.20764307773,151.795437695832,159.414142771034
148.07399034221,151.548934761157,159.080090337046
146.874965990344,150.000000000001,158.000000000001
146.38627430542,149.588387105581,156.999999999999
145.613643847361,148.666458219056,155.500636692946
145.999999997646,147.999999999424,152.000000004094
144.001366884068,147.013993820191,150.996115848496
143.919757880913,147.744499238319,150.593569302109
142.999999849167,146.999999869591,149.000000340622
142.000017445062,146.000035185686,148.000030886195
140.999791893906,144.999968169823,146.999740797695
140.925935934077,144.067844976879,146.995993517422
140.000000000001,143.955378296056,146.999999999999
139.925347150441,143.86689098081,146.000203027608
139.001178622486,141.317232393075,144.711281762785
137.999604280365,139.885960819153,143.863412298381
137.090827745242,138.91643939509,142.901913972047
136.000000000001,139.950187386658,142.877944816754
135.269326905079,138.757799068717,142.078912023381
133.612125385688,137.626637148358,143.414758253786
134.82678431963,139.068986558812,144.149318166434
144.730615097818,150.679763111291,157.62864497593
154.045690562861,156.984307290431,163.531547764418
154.999999999999,157.000000000001,163.000000000001
154.999999999999,157.999999999999,162.999999999999
153.374102535545,157.232287339894,162.991691677093
153.980350877527,157.980350877527,162.999999999999
153.983623244322,157.983623244322,163.016376755678
153.065346346157,156.999598360393,163.90177966096
152.00716093174,154.999456284928,162.890015982031
152.001618973569,154.999653078904,162.640981560772
151.999999999999,154.999999999999,161.000000000001
151.067385450847,154.067382960226,160.701116015252
150.20459728601,153.204597286003,160.20459728601
149.000000000001,152.000000000001,159.000000000001
149.000000000002,152.449512220153,158.760315478073
148.690970596152,152.411955096883,158.411199280576
147.999999999999,151.999999999999,158.000000000001
147.999999999999,151.999999999999,158.999999999999
147.999984982394,151.00024320023,160.227875147641
148.001485994749,150.999999999999,158.999999999999
147.781798300795,150.812929674705,158.634245973151
145.998369156247,148.784111424689,153.999937632882
145.000000000552,149.000000000005,152.999999999839
145.116716402625,147.905289003627,152.709710463628
144.999999978835,146.999996205704,151.052296962406
144.099995817858,145.938638053314,149.681593414638
143.000749511713,146.030666041923,148.974347951795
141.999999999999,145.999999999999,146.999999999999
140.928596695885,145.101727731897,145.999999999999
139.999999999999,144.022472635462,145.000000000001
138.837427452002,143.330548729853,144.999331832693
138.171853982734,142.064552534707,144.000001862379
137.000054461666,140.999774011972,142.999648742627
135.292157316815,138.797293077753,140.999143013161
134.48969790786,138.210471081405,138.893169451916
135.285678560856,136.929663843647,140.809551659576
133.770282665294,137.687762974118,141.308270493255
133.187121070743,136.901244864918,140.064298813004
132.153932286383,136.107618910864,140.894531603809
130.915108835525,134.920347148752,139.890406463397
130.114200333495,134.052147585777,139.158779489971
154.000000000001,156.999999999999,163.000000000001
153.25381243238,157.768433267211,163.000000000001
153.19053178035,158.017594792572,162.996866785686
154.999999950055,158.999999879506,162.672060528981
154.004237783617,158.564979574613,162.999881345172
153.999999999999,158.000000000001,162.999999999999
153.972321692792,157.972321692792,162.999999999999
152.013385435947,155.431464386015,162.442490085426
152.000000000001,154.943536077261,161.999999999999
151.725313666082,154.710803694351,161.055595571808
151.069164361716,154.065918480083,160.387503177351
150.000000000001,153.000000000001,159.999999999999
149.756235605966,152.756235605825,159.44023311387
149.407507432248,152.407612992165,158.741886162761
148.999999999999,151.999999999999,157.999999999999
148.000000000001,151.00000000002,157.000000000011
147.000000000023,151.00000000001,156.999999999965
147.999998355542,150.707204444005,156.000000839181
147.934062345448,150.958708486993,158.752980628367
147.999999999999,150.975223493464,158.000000000001
145.999386591476,149.000394699551,152.999843936914
144.999999999999,148.999999999999,151.999999999999
145.007162635476,148.849285824526,151.957976995034
144.495412684543,146.999996894456,150.000006073086
143.000049263478,145.826167985209,148.000016379512
142.028321127318,144.997761512734,146.988818548107
141.648894731262,144.027084439022,145.992675436164
140.999935472555,145.630944481311,144.914502910019
139.999988136671,144.484571508301,144.000063940034
138.983565814426,143.119357035264,143.999999999988
137.999999999999,142.043797911628,142.956202088373
136.980924426075,141.100500626932,141.999999999718
135.000026126843,138.905452224012,140.000008302034
133.739734044969,137.063851311545,138.147714570639
133.111029327993,135.894045913764,137.000000014171
132.996733580996,136.30964203319,138.837536556599
132.320436345767,135.632600860616,139.001077588805
131.116766038067,134.665591977361,137.975835888588
130.514763355416,133.484826414817,137.059308557798
128.727801203837,132.369486909577,138.071567951708
153.203867899962,157.796853866073,162.990533900666
153.000000000001,158.000000000001,162.999999999999
153.000236720472,158.996712036003,162.999907231119
154.000000000048,158.000000000053,160.963717838713
153.977678376903,157.955356753806,162.999758045544
153.951095500433,157.929356559187,162.999999999999
152.000000000001,155.999999999999,162.999999999999
152.013385435944,155.431464385542,162.442490084942
151.800369140087,154.262103937285,161.061171956112
151.000000000001,153.999999999999,159.999999999999
150.790156071854,153.21457572537,159.923472404173
150.105663212137,152.999999999999,159.405879380721
149.999999999999,152.999999999999,158.999999999999
148.158625043005,152.067052112138,157.158625043005
148.026378099271,151.999539230285,157.026376062111
147.012996650075,150.99798763654,156.019008521466
147.000000000001,150.999999999999,155.999999999999
146.984456742482,150.971968891943,155.943212145095
147.014818506477,149.769465905309,155.459469992162
145.988875243438,149.000929127906,152.002910441683
144.698535876429,148.6912803022,151.072566183392
144.303030586812,148.000000000001,150.000000000001
143.86008954163,146.082223055053,147.933464007902
142.890783048168,145.03273355096,146.434698959641
142.000000000001,144.999999999907,145.999999999999
141.000000000001,143.999999999999,145.000000000001
141.288638839582,142.021076674514,144.183054866186
139.187886547664,142.885387599579,143.203976922471
138.999999999999,142.000000000001,143.000000000001
138.001401624518,141.511555325192,142.490934330524
136.999705056106,141.534885838107,141.001077461935
135.999999994802,139.159112920966,139.999999997329
133.000203476771,137.429428424519,136.727376156433
132.604864442795,136.16388073715,136.219936485499
131.824304905607,134.969162397125,136.00000000001
129.999563310479,134.101177684583,134.889921780691
130.638230041209,133.139057457369,135.806096266984
129.268047680287,132.631511100799,135.984917271509
128.473744487226,131.310371085199,134.967466666632
126.565821281191,130.831043616153,134.82646737396
152.683891582323,158.9997699893,161.863886838169
152.982143288331,158.011761884517,162.978935120459
153.035263173684,157.984845342434,162.963965371565
153.999999999971,157.999999991687,161.999999997918
153.58655832585,156.097743042689,162.933189186011
153.000000000001,156.000000000001,162.999999999999
152.446937515543,155.999999999999,162.68935603999
151.999999999999,155.999999999999,162.413701628596
151.000000756018,154.99999924436,161.000000000337
151.000000000103,154.495895666096,160.41904473924
151.000000000001,153.999999999999,159.000000000004
150.999999999999,153.000000000001,158.999999999999
150.000000000001,152.999999999999,158.000000000001
148.169743793628,152.074719294346,157.144563635027
148.000000000001,151.999999999999,156.999999999999
147.999654931224,151.999651990748,156.999648944157
146.849436925651,150.845377180213,155.510809844798
146.999999999999,150.999999999999,155.000000000001
146.000000000001,150.125932649912,153.999999999999
144.999956773613,148.000121267353,150.999922693254
143.994320662729,148.023426714633,149.000000000001
143.549984568904,147.232368591193,148.410015092701
143.000000000001,146.000000000001,146.999999999999
143.99580340844,145.000648887301,146.000139571647
142.841482232503,144.000000834003,144.936625221334
141.086388888209,143.885182622322,144.44667238763
140.000000000001,142.999999999999,144.018163117267
140.570638260269,141.768041127016,142.998767338847
138.953615802797,141.084596351118,142.917814214657
137.999999999999,140.999999999999,141.999999999999
136.663184712058,139.985239190872,141.057636800509
135.009495203434,139.695437398128,139.040633541185
133.999999977973,137.00000000383,136.894317588583
131.967596921986,135.00347901553,134.975679006596
130.999999999998,134.000000000001,134.607958451141
128.851483453074,133.356344377237,133.259929339592
127.725429129092,131.032555360531,131.982402763346
128.134920526521,130.163392886843,132.658873359245
127.928832836305,130.060162173256,133.999997170675
126.354964232294,129.271144860574,133.095338781758
151.999995124187,158.00000703448,161.99999732199
153.00204108098,157.995332791037,161.870220549483
153.999999999999,156.999999999999,161.999999999999
154.575325871361,156.933273927974,161.375901832271
153.018644335098,156.007016338394,162.986488597547
152.579584507902,155.999999999999,162.57958450776
151.999999999999,155.999999999999,161.999999999999
151.56221217496,155.56221217496,161.56221217496
150.999999999999,154.999999999999,160.999999999999
149.056223715342,153.055983711734,158.083855565796
149.008533405813,152.994152455781,158.001209854349
149.999999999999,152.000000000001,157.904395896487
149.000000000001,151.638363500739,156.999999999999
148.016887752497,151.994782872789,156.996036852782
147.987700773374,151.987700938915,156.963101588998
146.038311935649,150.922196281025,152.0448778474
145.364197673117,150.45694261879,153.021781141833
145.999999999999,150.000000000001,153.000000000001
145.985868370557,148.017590034984,151.005629177967
143.999966586054,147.000171536898,148.999788976591
142.999999999999,147.003502078265,148.000000000001
142.683624035822,146.999766377118,146.999919879178
142.999999999999,145.999999999999,146.000000000001
142.000000000001,144.999999999999,145.000000000001
141.000000000001,143.999999999999,144.000000000001
139.799255317305,143.970592000765,143.00565816688
139.077990262819,141.999999999999,142.000000000001
140.104215983971,140.894850604255,141.763486824893
138.070027948588,140.971365293806,141.000000000001
137.262211429464,139.825953440634,140.060013908899
136.000000000116,138.925335572625,138.930341568744
135.496195051248,136.561700093954,137.45032891551
131.546108846885,135.06392194753,132.693595296
130.024313043969,132.908699232332,133.426680828969
128.914880347347,132.010481503045,132.50295335215
126.970790126807,130.055013060563,130.999999912903
125.829576074721,129.042900497886,129.687141811058
126.294582833306,128.275163026541,130.909954347668
125.261828448429,128.367533985989,132.171384139469
124.666999576846,127.206114054447,130.991064521603
151.000000000149,158.010763959628,161.934456494493
152.000342316137,157.395293104404,160.971865880331
153.720009370276,156.946002139281,161.295849311917
154.000000000001,156.000000000001,161.999999999999
153.074162613772,156.007818664423,161.992947163669
153.000000000001,155.999999999999,162.000000000001
152.000000011019,155.999999999998,161.999999999999
151.189793110003,155.189793110003,161.189793110003
150.532052212139,154.532052212139,160.532052212139
149.055760146207,153.055760146207,158.08364021931
148.999999999999,153.000000000001,157.999999999999
148.921508968224,152.902446854085,157.823955822308
147.999840347799,150.95627606038,154.999863926395
147.999999999991,150.38603880671,154.000000000012
146.335272581701,150.20364878353,152.04569740241
145.593258366621,149.594052341714,150.737678650859
145.423709420724,149.105274767244,150.501158186547
145.364018881602,149.644778065138,151.838766870121
145.000000000001,148.999999999999,151.000000000001
144.000000000001,147.000000000001,147.999999999999
143.721924062486,146.99294165808,147.503346760222
142.000000002444,146.593211263111,146.000001058432
142.838653745532,146.000000000001,145.000000000001
142.993178254479,145.004328307039,145.002651253921
142.000002178884,143.2750835044,144.405643242107
140.00655735281,142.999999999999,142.999999999999
139.212066182014,141.999799438968,141.000077912703
136.717114718162,141.489577274751,139.732101780399
136.828233751393,140.052193298696,138.134598832836
137.266919898143,138.168326508503,139.276971967955
135.186875247711,138.030206440492,137.727493031529
134.370486464353,135.08120872062,136.200405336412
131.810113944885,133.00008202942,133.99991841271
129.9974217047,131.145863429665,131.989525719812
128.126811882323,130.824823653372,130.968394111227
126.9999999804,129.868155861672,129.839730163039
124.867414053962,128.027334049258,129.208234203013
124.153283302911,126.82870865589,127.889528664184
123.376142025676,125.723309196409,129.189838609221
121.441466998399,125.072273408108,130.838282248228
152.009818054655,157.01283181689,161.974168650373
152.999999999999,157.000000000001,160.999999999999
151.048708142316,156.020574512019,161.002519672091
151.37780546354,156.000000000001,161.188157147845
153.000000000001,155.03394402493,161.999999999999
150.732930198048,155.244310066016,160.488620132032
150.000000000001,154.882188582748,160.000000000001
150.000000000001,154.000000000001,160.000000000001
149.107491722916,153.999999999999,159.107491722916
149.000000000001,153.213132898766,158.213132898766
148.92092722153,152.920300681008,157.84185444306
147.000000000001,150.999999999999,153.999999999999
146.999999999999,150.999999999999,153.000000000001
146.000000000001,150.000000000001,152.000000000001
145.108086068202,149.897461711595,150.902717838407
144.990433941191,149.000000000001,149.999999999999
145.018037568761,147.970590293242,148.999999999999
144.994979697386,147.968387491149,148.384166787451
144.134267655208,147.088296165993,147.456440201556
144.000000000001,146.999999999999,147.000000000001
143.018698112129,146.951783018342,145.981454442576
141.933414028848,145.031010721538,143.999999998143
141.00000059189,144.000079075289,142.999999352256
140.488594494968,143.513843528029,142.015575008134
139.999998805968,142.99999612299,141.999996085085
138.223600280982,140.855542930795,139.34171991769
136.346017233053,139.358919488573,136.91909201289
134.845397820605,137.921730136737,135.742126912487
133.073210055923,135.78425497825,133.821594661301
133.59372405055,137.196970648096,134.962855878249
133.858060096388,133.660102180455,134.284031841766
131.457001061983,131.750514176138,132.912373495168
129.202232325412,132.007400726707,129.658558414665
127.820492988745,130.400252222772,128.137249038522
125.327504226245,128.493245715079,126.954530878693
123.44598376348,125.848115884863,126.622272724222
121.883626427971,124.788281783323,126.556314450514
120.958694659709,123.798859110857,125.051504096313
120.373843013284,122.982052389767,126.939969524114
117.623411359013,121.49399640452,126.520151134693
151.999999999999,157.000000000001,161.999999999999
152.002616659981,156.990261461239,161.958429184973
151.032335671532,156.02040345512,160.991528761291
151.000000000001,156.000000000001,161.000000000001
151.370616800791,155.997609466138,161.181722599603
150.730077826939,155.243359275646,160.482252668625
150.000000000001,155.000000000001,159.999999999999
149.949829220908,154.835922329075,159.906991736276
149.07850285101,153.976780032611,159.023726533002
148.999999999999,154.000000000001,158.999999999999
148.930777155291,153.833392291688,158.786325592854
147.000000020806,149.794357285896,153.999995152027
147.279999360937,150.000000230335,152.999999815951
146.000000000001,150.067975734299,150.999999999999
144.754066019773,149.964785151139,150.032097390346
144.999999759894,149.456966114242,149.000000056454
144.000003058259,148.550029766209,148.001722845726
144.999999999999,147.9682727347,147.999999999999
144.999999999982,147.821199036802,147.000000000015
144.687178283935,146.000121850359,146.940876424733
143.99999976225,145.616944333594,145.278231581276
141.930056402411,145.066095220947,142.999999999999
140.976785077347,144.104496480108,141.942955657772
139.899622888715,143.097569446211,140.899848815428
139.021286341596,142.112648849271,140.00000001203
138.333207980008,140.770500307934,137.999999965495
136.679553446696,138.24155341029,135.409359685597
134.122796101886,136.92731087594,132.981052676055
131.342014223696,133.712886056911,131.290539942257
129.0415777613,131.551020904063,127.197466652767
131.851191648359,129.98451088675,128.152913468938
129.402594584183,128.431393232462,128.834788102243
129.734808670145,125.336244967424,127.10885391694
127.258161209284,129.217671922325,125.820023974008
123.94139203699,126.288506455125,124.383438465185
121.659325718351,123.859912474516,123.040002939014
119.501082162144,122.450701109615,123.659323439196
118.082894925616,121.421944196028,121.83036941283
118.133748708212,119.560610834292,123.31099632395
115.59988948233,118.576957684875,122.868865298366
151.966869111355,156.990143674633,161.960160355299
149.999999682125,155.999999663688,159.9999995019
150.984639193204,155.996601873204,160.975511779771
150.996017411119,155.996017411119,160.98290726467
150.000132185218,154.999799946021,159.000247253905
149.99711734285,154.995992200214,159.983558337843
149.872792948378,154.835093662665,159.753196428378
148.000000004955,152.999999993546,156.506824133726
148.999998939908,153.999998002739,158.000001576276
148.790694889305,153.558439149296,158.184397567103
147.000000001114,149.000000000002,152.767308028441
146.226213811478,149.000000001959,151.000000001058
146.022397117942,148.980690855676,149.999999999999
145.965437032198,148.976141407739,149.516692326152
143.52297333568,148.310813474062,146.999759824046
143.575794402623,148.230541898277,145.569012175429
144.18118950002,147.000000000001,146.000000000001
144.000000000001,146.999999999999,145.000000000001
144.057462817008,145.935828127617,144.000000000001
142.294630437423,143.949170476245,142.99998830409
141.999999999997,143.966405675092,142.000000000001
140.999999999996,143.20055815225,140.999999999973
140.071581916973,143.999999635862,139.080237953611
138.923321411665,142.351395116642,139.000000010336
137.899667907671,140.471950819753,136.999992931166
136.065342824678,138.62836461863,133.633601243761
132.995616098109,135.412997474766,129.701369341032
131.44336793594,133.413190653915,127.165296333725
127.729909539565,130.023146484776,123.395828090499
125.967536860028,127.886375496751,122.407985752672
126.575536040814,123.997984913188,122.928659279726
125.287725533577,120.616186603744,119.608513147507
123.331719871089,122.029097341563,122.333857701822
122.069086345378,124.47513237366,120.063754611467
120.495940801824,121.341416615467,121.086882708754
118.779343868903,118.384710532211,120.26497267128
116.443616003182,119.326106628474,120.224711599228
115.306710395535,117.564958015602,119.025427827336
113.943903944935,116.376194909099,120.315712048678
111.154260223531,114.883110373519,120.167706467321
149.999995348085,156.999993661185,159.00000000018
149.00851060169,155.995579092046,158.996436346226
149.000000085483,155.00000012715,158.999999979276
150.998861975002,155.999422595151,160.000453473301
149.397865952165,153.69057454125,157.751248299118
149.000028325513,153.999589482263,157.000108048419
148.391707120106,152.383196817349,156.373658647739
148.000000000001,152.000000000001,155.999999999999
148.10025967582,152.128202698302,155.38819821815
147.999999999999,152.000000000001,155.000000000001
147.002911623951,151.998577487834,154.783056723552
146.999991723396,150.000003645326,152.000006926919
146.100824441374,149.013748705644,149.492376520627
146.000000000001,148.907365472513,149.000000000001
145.384585190762,148.812931346082,148.19126593661
143.000527012197,147.835876287958,144.884157423025
142.193665098728,146.999952682759,144.320361046337
143.000000000001,145.999999999999,143.999999999999
143.000000000001,145.109393078991,143.122527570146
142.543567472418,143.345377305903,140.936493592288
141.05583356392,142.906904949928,139.205859188244
140.000010684226,142.654130109209,138.999996843713
139.072247810758,143.000000000338,137.904249189163
138.486019699645,142.01240961616,137.61232014608
137.457973594707,140.142043749054,135.601524574936
135.5769791074,137.724701490654,131.999897375244
130.406262017782,132.109622853281,124.365907296712
129.227469505825,129.741471799555,118.73999198095
128.402086613661,126.713383127818,120.347569381877
125.003485465772,126.029080887766,118.756173361213
122.567114064204,123.710612734235,116.825208124544
121.80723889362,121.306053671507,116.132875412875
118.683734130752,119.736510421695,112.889364543308
116.663307392363,118.185475167451,110.566739430309
118.523950590552,121.214311971245,117.164028799558
115.286442138405,117.681352566853,115.267985812174
116.51915519288,114.661608620016,117.599495318564
113.380086552382,116.279015664012,117.074159004
111.614346826885,113.405649394702,115.425861811913
108.856602653278,112.322973503571,116.682313992888
149.670576086762,156.352655631865,158.80026375013
149.000000000028,155.725263239976,158.000000000059
149.763306464463,154.417539990962,158.163879265993
149.640276495805,153.655617785733,157.629606680227
149.000000000001,153.000000000001,157.000000000001
148.9962553719,153.010408482091,156.299517199664
148.993980105764,152.029520446289,155.9970653377
149.044572418129,151.000000000448,155.2286374628
148.103177874571,151.853177671205,154.787040403035
147.999999999999,152.000000000001,154.000000000001
147.000000000001,151.069410544476,152.000000000001
146.002925078967,150.391333921951,148.496845703672
145.999999967438,148.999999937596,147.999999990405
146.11962232795,147.443595358861,147.499416394678
143.000065393462,147.087025977514,143.000058335636
142.981328379632,146.999999984624,141.788565408772
142.900289471721,145.999912536863,141.999973493664
142.758526611213,145.000000102006,141.999999933128
141.865142960149,143.918667024557,140.000000000001
141.264457998155,142.802993927226,137.997291076921
140.000000000001,142.000000000001,137.785130831383
139.047439722681,140.985272906397,136.999999999999
138.58742976654,141.482854731517,135.585743888083
136.973516600176,139.593077132775,132.54304608906
135.180566472134,137.40366353289,130.551391775426
130.449313650825,130.191059330163,122.534596304725
128.046398889436,128.184924356104,115.965514591612
125.146118231852,125.403475325838,114.049269774087
121.856342636021,122.850804657876,113.060148024309
121.110655798606,120.303762651247,110.770098893712
120.018771667869,115.049604144341,107.675311921001
115.241582015052,115.836668826864,108.480795928497
110.68639736121,111.829640452443,103.67610601667
111.886204336772,113.243090441535,106.081790561474
111.63411658552,113.540764471298,111.581933661728
107.470489945559,110.317034009467,110.219278817429
111.094360961905,111.287497896643,114.041164860137
108.027857153497,111.649395453035,112.601705431548
104.608379363282,107.963292845826,112.856999235955
104.8533503251,107.340515662587,108.383902000889
150.591151019777,157.329077573322,159.999999359402
149.999941865908,156.000001510541,158.915317584216
149.834162845645,154.380365252825,158.035334961648
149.999999999999,153.999999999999,157.999999999999
149.999615403695,153.000467275534,157.000313262985
149.208472919665,152.913547973531,156.255046679596
148.999999999999,152.999999999999,155.999999999999
149.236441756646,152.000045510362,155.000019035846
148.635945374008,150.999941877758,153.574757875969
147.336682507429,150.757816147388,152.008642547428
147.000014358854,150.999936709226,151.000252128474
146.317911896823,150.998687279237,150.000453954335
146.076654283692,149.13581892977,146.999999999999
145.238256409538,148.042577126152,145.999999999999
144.030277240425,146.950771229208,143.987142450576
142.14816787828,145.976857825456,140.953809648718
141.651963302455,145.589772514985,139.746792198804
141.972385403929,144.546298711312,137.554498758188
141.098798148342,143.052887236617,137.000000005127
140.123562752115,142.047930268557,135.844379258706
140.543446364903,140.990040001389,134.865802004673
139.000000051412,140.911340484258,134.660197364698
137.928136914844,140.518859674089,133.446614878727
136.14095603429,139.247386511497,130.937949042531
134.646159952803,137.42858344318,128.431541475957
130.975743508532,131.546909275017,121.677158721614
125.763737108677,124.944241132482,111.498604959756
123.564439533169,123.321850014763,109.582344884432
121.051373160036,120.308882188574,107.00974284419
118.074361015919,118.078827994365,105.088716597908
114.882198643575,113.838965975081,103.443998501962
113.00838074014,112.34281541831,100.350873062648
108.248412572877,108.575268730475,99.502388972938
106.673264826633,106.377142775009,96.7515161363497
103.055871707906,103.367787267237,95.2983432932622
102.057294954968,104.426348072391,100.763064523456
104.694000073157,106.578554943194,103.132891594451
100.154014030877,102.76622613541,103.764893910555
101.752620072566,104.756743433318,108.152475028655
97.81280603453,101.355406474241,106.440818552276
151.000761274254,156.138692250716,158.864025229412
150.000011680491,155.000021185568,158.000008517878
149.975718311468,154.048738091104,157.2553515599
150.030918190078,153.744639294931,157.07750675217
150.000000000005,152.338099499269,156.000000000001
148.980457709364,152.675622980153,155.349714948382
147.805294124469,153.344740913508,154.533325065032
148.000000000001,151.000000000001,152.000000000001
148.224817510734,149.809005604596,151.220144122194
146.999999999999,150.000000000001,150.999999999999
146.000050041812,150.00000593763,149.999998720428
145.292666812017,148.150278385094,145.000002171109
145.000000000001,146.971483667192,144.999999999999
144.000014324237,146.000024005477,143.000012623005
143.033659770578,144.980305556282,140.705564727215
142.108980328666,144.079010338249,138.999999997221
141.118938145099,143.827087525328,135.78459077395
140.341174824984,143.161569211523,134.675128397389
139.453554162346,142.183529519559,133.723155669947
139.719601710462,139.95293785159,132.739857697074
138.745548657656,139.42491317766,131.633909650149
137.579969155019,137.49585247852,130.799239756649
135.336198094862,135.469108814213,128.103729397875
133.399124595853,134.583146045431,126.374372041133
132.1255056148,133.079815828574,121.029945924661
126.715693457925,122.791001861366,108.172575783614
124.552834752922,120.838187758161,105.130956881812
121.69749924458,118.780477632111,104.285071776341
116.796419304909,115.639145253332,101.841221201188
116.809587308006,113.110570177907,97.5378012378736
111.635300099298,110.512814305053,96.7614978330098
107.882721796297,107.177087257031,94.069132195784
104.762596471354,103.9860977745,91.0497525973155
100.262342846261,99.8076503797379,91.1718192379983
96.1822874376922,96.7593440886366,89.0335340501971
95.1013402598281,96.6477966658744,93.8594984994124
97.6997731482206,99.5393700817169,96.4150938814256
97.2904745376647,99.4982318147883,100.560538673758
94.8944769890981,98.0031425290478,102.482329776221
92.1808713345836,95.3419695290762,99.036645891829
152.065616884217,156.114000678512,156.940648162914
151.984708919153,155.011188207799,157.18786712637
150.079201277829,154.171459770868,157.011681699314
149.999999999999,154.000000000001,156.999999999999
150.999999908992,153.000000063451,156.675873928965
149.076786078562,152.000004683663,154.025397246916
147.950014753037,152.00528300817,153.000000000001
147.999996076705,151.999947945807,152.000042236823
147.999999999989,150.999999999995,150.999999999998
147.073346070651,150.000000000001,150.000000000001
147.061439054736,148.214756683562,148.997588383903
145.108738821525,147.000021466411,143.999988570731
144.596833746665,147.341265485323,142.999999999999
144.000000000507,145.964718304106,141.999999993834
143.088545403881,144.999999997263,139.000000000837
143.144728369365,143.432850141882,137.312891173215
141.864562122443,142.056566354976,135.26682763014
140.925790402915,141.294941536381,133.491799926646
138.859946561832,141.648044711184,131.556017322727
138.70762978474,139.588222944177,129.445541034526
138.064072898209,138.104880549159,128.472322916941
136.530027897477,136.865647930166,127.408915475102
135.054126308706,134.589507896881,125.357946865362
133.339101204238,133.766929019015,123.004807011642
131.384841434019,131.266265477557,119.312028089549
127.215813910818,124.857760496015,110.378116935046
121.12921619067,117.582995770961,101.203156783012
119.81305156699,115.180637283298,98.7335565890202
116.921052623588,111.771476441786,94.2725002075566
114.442051788566,108.582706158204,92.6728576621991
110.3463972987,107.03551221099,91.2236883393504
109.938072685003,101.431095792503,91.4188750601065
103.370457586845,100.705538061611,87.2725256073175
100.590461067873,98.1801843110199,85.3216859087701
92.5628310150507,93.7588681416085,89.4777934987716
89.5710194582809,92.4518271028095,95.3623005736775
151.999999940879,155.999999943105,158.000000177764
151.000000000001,155.042469370246,157.000000000001
150.001239544974,154.91458115903,156.998780967298
149.794469702536,153.860055269787,156.65453648696
148.993512374918,152.901453203181,154.627885933325
148.50153581866,152.18722343614,153.295104850591
148.221613181451,151.889584963519,152.539624538831
147.000023077706,151.999974086151,150.809813722259
147.000000015008,150.098181987314,149.000000028036
146.999989646354,149.896162505543,147.802646545233
144.751097676208,148.630757543529,143.924408232936
144.687990130662,147.116944272492,141.999999998546
144.000002334391,145.999999689746,140.999997051647
143.39271926709,144.848524774229,137.738165318202
142.820337237321,142.904998311505,136.000000073379
142.031166940997,142.052174077495,133.391763923947
140.77752693046,141.057345351387,131.95646607606
140.135922463553,139.957112896546,130.728850765023
138.254593080898,138.521242205226,126.442081554316
136.77288695684,137.130530212053,125.464381411123
135.251448524742,136.0667672345,124.01673949144
134.56316816488,134.043984811634,122.293518806457
133.523344462947,132.926429721516,119.634502551568
131.282255857883,130.135430979526,116.556516193304
127.359686157019,126.99414996585,112.609836061692
122.30587023625,118.952611684255,97.2916935814345
119.927804953275,115.024920216368,93.4789458996898
115.211722797662,111.639683411673,89.8640517502296
112.632666845062,106.784219260506,88.377324422942
108.489426040663,104.328909049889,86.2414388088309
106.070252461258,102.083496605023,82.5824255528618
152.000000000001,156.000000000001,158.999999999999
151.889688285585,155.878100825022,159.143890868526
151.995824626645,155.007919520452,159.001339608765
149.01688853567,154.170363225427,155.987301293099
149.044139719851,153.000000000001,154.999999999999
148.999999999999,152.999999999999,153.999999999999
149.000000000046,151.999999999954,152.999999999999
148.712249641517,151.895003311725,151.000078285463
147.59217415012,150.576807006225,147.999835509962
146.389167751937,149.174834090004,145.999999956602
145.999997031616,148.257622924242,143.999999065756
144.842841421686,147.000000000001,140.999999999999
143.793406051285,146.357539437801,139.999999999999
143.63054643709,145.99970050486,138.999683809709
143.238619375242,142.877159303189,134.324929943027
141.874233475089,141.691158342977,131.331292194598
139.978175935777,140.685146711818,129.169174711962
139.361119578882,139.529257292028,127.59874894707
138.067596139451,137.402718723712,123.9666793848
136.663104098851,136.217912372571,122.732966794473
135.510165271897,134.996474417498,121.073285480925
133.759821648756,133.689716775545,117.973721862788
132.4146793704,132.261951676394,116.862197374943
130.408399890363,129.231028717932,114.070112837862
129.578195781604,126.323774373293,111.645833038378
123.141622847308,120.416921310597,101.490278403063
119.368015392938,112.3122637537,90.1976217807761
117.73713767547,108.390414640986,88.1967367188029
112.583599501702,104.94835676827,84.9404704667366
110.560318604536,101.384620790546,83.1797616243144
106.206872129357,100.707836383307,77.6672011003592
152.145776699905,156.010632605309,159.658966526058
151.999999999999,155.999999999999,159.999999999999
151.468944722609,155.491801101821,158.739377386897
149.999999999986,153.999999999994,155.999999999986
149.116087789821,153.213010171584,154.52637733764
148.770026534869,152.999999999962,152.999999999992
149.000404756283,151.968476995942,151.999999999999
147.999992624544,150.816730899655,148.999367366662
146.535512867762,149.33848897291,144.637488068643
145.99999999182,147.931708460637,142.999999996345
144.423107108416,148.065290420024,140.79711738475
143.917977201527,147.026264961158,139.000000000001
142.897776116842,146.061876533267,138.000000000001
142.870056244882,144.001909797499,135.327685002329
141.344196260775,139.923949790402,127.379618483859
139.889591466829,139.769678968115,125.614307904407
141.288185475905,138.313100696352,124.485785978889
138.383052094048,135.829139146343,121.292140746934
136.423188555334,134.320847170092,119.465169601175
135.221342344741,133.133615270551,119.396963825995
134.981487732337,131.57061184417,116.766962636464
132.066053564694,131.434929903099,114.143074900151
131.076763086963,127.973619688647,111.373701957804
128.997306650425,125.20616230363,107.98837841292
126.818028296398,119.73141982636,101.369694696054
117.742685598642,112.323782633459,87.0382293385548
114.580006635591,109.024511154623,85.3437273575885
112.490598911229,104.365982134085,79.806951078721
109.004724331664,99.2135575723271,79.5330467748339
152.999999999999,156.000000000001,160.999999999999
152.035865663675,157.046990256181,160.016276157624
152.096002065217,156.505589159568,159.277555638103
150.999999662365,155.000000334324,156.000000004132
150.007709216451,154.96656200937,155.021941415993
148.964083655348,153.999543471945,153.999617030978
148.375927592048,152.999999999237,151.709008934851
148.522727738754,151.000003708983,149.57405230559
148.46135544395,149.533967154088,145.098496703527
145.696602649069,148.272649748602,142.000000000015
146.578674879143,147.163506328973,140.404033998804
143.999905775102,146.735065982517,138.001805413432
143.107717061112,146.05368765194,136.348631268392
141.908799400654,145.047917235949,135.523136634491
139.819438428848,141.189931800069,127.532834230527
139.135015570305,138.793099041528,123.627059048705
139.833636948965,137.003215418702,121.678694125476
137.898407320597,136.027841167602,119.56999392558
136.644089275127,133.592051119314,117.350554375219
133.721799657978,133.413263568169,114.485343993714
133.41480946345,129.724797046029,113.487324920467
132.571011763495,129.826611536624,111.547486978294
130.327642680466,128.234136944732,108.020711353574
126.665277105698,123.763439441086,104.506377285125
124.957669451469,120.896015571914,97.5046034009929
118.921796432176,110.890632752168,85.0281335187284
114.531882185702,107.078715760626,81.0220163011665
109.883907925041,102.942765798916,77.6494454951927
107.8881272014,98.7728026197677,74.315167719339
152.981376625293,156.064151819239,160.618266484459
153.000000000001,157.000000000001,159.999999999999
152.921382666664,156.684918056776,157.936706865005
150.204152253467,155.143302981531,155.863627950739
150.000000000001,154.000000000001,154.999999999999
148.910976244159,153.999982123395,152.649084383963
147.73021032006,151.999997342463,148.516821786914
147.674709790532,150.168667939694,146.228028062125
147.290076863737,147.668449471369,142.466955261177
145.025684118108,147.898598028661,139.820948285018
144.546488929881,147.397042687245,137.356105997119
142.541047897843,144.399372154797,133.419698019192
141.814015769789,143.087162860937,131.18009117434
140.796459109291,141.943680410003,129.821940412804
138.698246044268,138.474683159176,120.541590234767
139.488191473854,136.286158475585,118.376417937611
137.49330111121,135.77697505239,117.426057310848
136.771024144298,134.596107026179,115.900664182012
135.185559179787,131.668294330009,114.038622156372
133.927913704999,129.857171559179,109.823957980573
133.060098537667,127.342476293232,108.254349175612
129.029841864464,126.614144903574,105.393363353778
128.163508452384,124.685229016391,100.898361206461
126.338182389162,118.034383398704,96.3833840962834
119.915276516671,113.544285977551,85.0094782829352
117.639722388524,109.294680333563,80.9264902810093
113.782591953542,106.000709015142,76.7645147431844
109.350570089886,101.22961445059,73.1394042937327
152.999999999999,155.000000000001,160.999999999999
153.003924653362,156.020868695699,160.05224074852
153.26853877,157.197969332965,159.000269136612
151.754363350016,155.547806963926,155.883162381191
150.999999968755,153.957845726393,154.856759573145
149.999997141749,154.000003002571,154.000010634137
148.061954698831,152.349009838726,149.83916507895
147.040087816763,150.477550578435,144.715607363655
146.699754360226,149.338564971773,142.869629448986
145.686479353404,146.165122448842,139.335454101613
145.318435849304,145.000000406859,136.191466868232
142.92734330657,144.129192580157,131.711308156298
142.317400655387,142.626862541123,129.509052267376
141.652138573538,141.720992650379,128.074662511447
140.169639992364,139.896231874311,122.21403072789
137.871185995706,137.284012524698,116.33306700127
137.286357594539,134.702625139021,114.340777410346
136.644664351534,133.449905708199,113.719499823881
136.002539484018,131.539050799556,111.786753615422
132.706784050528,129.695015567267,108.059842538804
132.10478636379,127.943034968159,105.341983044874
130.042126608986,125.808347325598,103.41072317385
127.11543922315,122.608314902247,99.3038134979997
124.965414961914,121.147746447173,93.3218557298811
121.548047916973,114.282658124128,88.2607799049913
118.927793203625,111.620791635138,81.4941743086895
115.919300041365,108.443758723715,78.5240242670608
111.361013277307,103.399361625048,74.5509827001123
109.075537224264,98.7972783005915,70.3974840371022
152.688448025511,154.833761912868,160.219327803339
152.000000039567,156.000000039567,160.999999960432
152.000000038888,156.00000003936,160.999999951556
151.11456506307,155.203287827325,154.9996002474
150.068001252487,154.999921295245,154.000002568631
152.995182999552,156.996731222644,161.987154665472
152.999983273336,156.999980883821,161.999949820009
146.238076765017,148.488220415144,141.00000073453
145.559000223875,145.798550898998,137.50132957891
144.376458820018,144.238801387985,135.357605738026
143.813844795808,142.701590820331,132.527675398739
143.293214562387,142.209328299874,128.34657896288
141.678632816712,141.452059391105,126.531066583642
140.778198251584,140.525734349226,124.408591334289
138.195139854307,136.431996913573,114.221046553084
136.888550960839,135.204464114838,112.16100380095
135.826403954803,133.681144382921,111.36710929073
134.908640383735,131.500893378608,109.627978788564
134.69034581327,129.464065728573,107.160284023712
133.4061440807,125.966445183093,104.988375330247
131.178356806998,123.549435562531,101.325019777713
128.23568124943,124.087359379005,96.4896459702863
123.210964197547,117.328459626596,93.9377619475828
122.161050556511,116.817373444185,90.4236524768195
120.399257928267,112.883015463182,83.0852435266709
117.828246989255,110.558899028409,78.4198502611435
115.736091514108,104.298185002063,75.9708822536416
111.707517469827,100.823470292089,70.7077257472943
152.000000000001,154.448761383257,159.999999999999
152.000000000001,155.976664659316,160.979921728849
151.999999999999,155.999999999999,160.999999999999
151.999808575068,155.999468482284,160.997873929135
150.063438047372,154.20917521894,151.297607882979
152.994515799895,156.995857131395,161.984900695054
152.999999999999,156.999999999999,161.999999999999
152.98824015112,156.982657522674,161.957237267973
145.495645295796,145.927525071844,135.656699896543
144.454034075925,144.643597070546,133.999562099288
143.790690323324,143.122052636059,130.978906297108
143.335548793956,140.227292822694,125.591089995374
142.414623672803,141.545855525918,124.58417313503
141.412192784979,138.317902165613,122.052552036242
139.34834995768,134.874807228562,115.33521278695
137.538054227775,133.746989578708,110.329566152792
136.218397927242,132.775988074857,109.823301482142
134.732155468518,131.32771353036,107.740916560284
133.818779396564,129.610031130014,105.427523420196
132.146257214178,127.280973124351,102.593201303124
130.520588731526,125.693290478953,99.5977969310726
129.462383426718,120.993664945035,96.5382569671517
127.139685459362,117.996310789214,92.5328339598856
125.363251337152,116.234768097233,88.6442208650211
122.186858687247,115.140690913742,84.9295268731449
121.44753189894,110.313021342094,82.2356084872083
118.54816173203,107.208127825982,77.2132517131513
113.959019441886,102.917779297099,73.2476851613036
152.521082153923,154.59638296257,159.086375081461
151.979224016605,155.96463254401,160.912691784171
151.979038638007,155.968319252156,160.914825771766
150.208697788298,153.784786262962,149.565141044254
147.797445560491,151.528977486148,146.863819520865
152.999149355925,156.998939423474,161.997249960519
152.98874438269,156.98334699375,161.958871534072
144.558395231284,146.229080250757,133.99847122885
144.617087702191,144.481175798324,132.517994311203
143.478999299763,143.608414248803,129.787323145864
144.071580524716,141.143311627908,126.783350509412
143.229087911132,139.56294380597,123.233615945071
141.634611174894,139.515435476516,120.662009112252
141.129166045853,136.570483894772,117.166900987273
138.577702446715,134.308024636788,112.141399202754
137.079772992231,132.264644558105,108.358252002401
136.178479658194,131.045208951468,106.426670651992
133.498834458799,129.674054041403,103.59349053344
132.398167305355,128.463449437752,100.26869136237
130.650414362518,123.517615438224,96.785332805966
127.807232734722,122.117448031306,94.1419845853779
127.780773755288,120.832081436878,90.8771281961773
125.645779455054,118.439022797777,88.3533411455174
124.981284075939,115.18870871299,86.3316450393719
123.187821019482,112.175315463556,84.2086088286934
120.822796871879,109.528655204839,79.2299959055266
116.236832426999,106.714321151969,73.4225962005804
151.999922345155,154.000087545344,157.93860413976
151.002461226888,154.000471372609,156.002340468518
150.0906043948,153.226879073404,153.000000000796
150.100298878722,152.80937996842,150.869845613863
150.185655677567,152.997802499077,147.542864390897
148.318458871438,150.057623482545,144.000538866309
147.00000776123,149.511513275904,140.702474130222
145.523491677338,147.048453652719,136.074571883493
145.752207915989,145.876058757733,133.267647576546
144.024866230166,144.594151724319,129.00373550489
142.907011504732,142.919034557306,126.205306174654
141.955650443177,141.057978768311,122.661620968677
141.131373066225,137.644040701939,119.400345762369
139.042062561789,138.907225257505,117.035168679455
139.735951802343,136.196616224191,112.045656375267
139.776092935056,132.362348460118,109.080054500287
135.711694649157,130.264421735571,104.149907198189
134.246455131832,129.12562192467,102.188256312576
133.639408830064,126.483697257577,100.396517657727
131.98233871904,125.518299183907,97.6563150336899
130.711014369925,123.574489664705,94.108921346283
129.529764200201,122.209745147354,92.3211417968815
126.311466628497,119.510707013339,89.8998709205552
124.867213715441,117.812113975182,86.6764793117428
124.437111809438,114.258142741296,82.6328445047179
123.107723371059,112.105746717923,80.894332226103
119.835314016048,109.641275196879,73.0604386815253
151.014729901237,154.945129702186,157.927276769373
150.230498134115,153.199405185471,153.983175044323
149.999080708527,152.664239735549,152.007488074294
149.310021378525,152.134543021484,149.627379687802
149.12599673991,151.374807157624,145.447100935553
147.669777221414,150.421947396997,142.26932704074
146.330267432057,147.799724558614,138.301971188719
146.277534757896,146.674033534035,134.776213800505
145.047484260252,144.501430588483,130.585883938451
145.232917744227,142.150945455678,126.247238086935
143.231666986124,141.412516011361,121.506309258207
142.404290590687,139.523408730449,118.894133503054
141.731456208322,139.045765004816,115.965884830883
141.176925458433,137.644617049941,113.961750167572
140.902615856663,134.860760002628,109.329967651961
138.535700732989,132.158497620846,105.866541183465
136.38217554545,129.102389272057,102.0344678459
134.776055089794,127.851291404428,100.93613546092
133.685725921511,125.511075899481,98.4153571955061
132.082141720384,125.400347527282,95.3798044068125
131.139713855478,123.231815765927,92.1223415723381
129.181242901644,121.4630404068,88.8210492522037
127.820716274541,117.463665370268,86.0389868250447
125.965325403557,116.490025335554,83.0331016861124
122.789603174426,114.080808005441,79.8052178073114
121.137376127444,111.379121943169,76.9372817396627
150.999999999999,154.999999999999,157.999999999999
150.911573584105,154.785998139453,157.612692319625
150.000000000001,153.000000000001,153.999999999999
150.263460957762,151.84315811021,152.843651494504
149.001741739142,151.244071489371,147.426374911279
150.056586274303,150.927511308482,143.253102144702
148.284411159691,148.741098379076,139.095954481965
147.15554581911,147.595483596096,136.41001461544
145.626293944299,145.732910220583,131.261871169821
144.540296064987,144.418610123765,127.485466157887
143.958371786827,141.803284390771,122.882093698117
143.290767951969,140.878126889654,119.668971107252
143.6753104769,138.98847994492,117.313707770964
143.007218814365,138.06909448594,115.552116460993
142.222726102093,136.585697968477,110.826643879863
140.606293958086,134.052392216744,106.735914912452
138.054944906924,131.741855178325,103.009491995962
135.445970715078,129.280834142494,99.2947430531107
133.666512120948,127.745227497066,97.918574868243
133.711607673005,125.99142140851,94.4185493586827
132.558858765732,125.276266689567,92.2256165760779
130.003077733783,123.283401882341,89.7230959970999
129.056008126588,119.955361878805,86.7523555006501
127.035880112626,119.2324231297,83.848005517201
125.336650378903,116.24664006358,80.3881756349992
123.405644491273,113.451012143006,76.7833487691791
119.468061960585,107.992302256764,69.352769281141
150.042677976155,154.042677976155,158.957322023845
150.965837282576,154.080912466914,157.974627613034
150.992945046949,154.007443994998,157.006501660971
150.999999999999,154.999999940305,159.999999820915
150.967110446666,154.900468401483,159.675159309792
149.018856660938,149.125623821721,140.425954132303
148.694585035542,148.162775114945,135.486522408056
147.127689806815,146.433974615641,131.817800389494
145.643152918209,143.153639999378,128.765732713464
144.228548819801,142.644190881814,124.313923412189
144.118902579726,140.102578309257,121.259428877196
144.737772516179,140.513865763283,118.776247772268
143.790024444034,139.345055816808,115.282374371567
143.433260743379,137.999479854217,112.300070425634
142.494295119035,136.379566939636,107.875089110153
140.591946596359,134.128218505072,104.178018678483
137.104054033765,130.805807461959,100.700916357129
135.613199934128,127.496745609854,96.4427090492813
135.214043301727,128.405953454038,93.6141553437973
135.05363504392,126.838133075557,90.681988858503
133.260175357918,123.213348208487,89.5159039322255
131.752470529029,121.873983357762,86.8849447826123
129.086704606719,120.181788694343,84.547823708419
127.400338783631,117.390803899596,81.1839705367654
125.56394350213,115.590046658591,77.7858334448283
123.462507926756,111.8777276683,72.9041492285653
150.000000000001,154.000000000001,158.999999999999
150.018485041343,154.018485041342,158.999999999999
150.999999999999,154.999999999999,158.999999999999
150.999999999999,154.999999946925,159.985020208315
150.999999999999,154.999999999999,159.999999999999
150.967267488498,154.9018024655,159.679805731144
148.58674859754,148.86669550599,137.444691907628
148.002698259123,147.549480862001,133.287104345677
147.995208226164,144.62199916303,130.12317467789
147.418238310974,144.016076578086,126.802664443732
145.715356068888,142.701025191408,122.068227133596
146.745504336953,143.053244919303,118.309602935612
145.380755850327,140.768974698235,115.929094888186
145.475033577753,138.719859671828,113.02394949966
144.541648694612,137.678193694925,110.053459958957
142.588926910154,135.722964844042,105.726103422953
140.374060618841,131.876345959508,100.489042412476
138.140091805387,129.549638151172,96.3290723062061
137.74023620229,127.208087501051,93.3469269794238
136.288561004739,124.901117314624,91.616790786734
134.859141699354,125.01921700159,87.7390423545806
133.042531771955,122.585468035446,85.9648025462339
131.735028641074,121.301593087178,84.1081021235553
129.384440758582,119.648636032499,81.9044161210479
128.449502647197,117.667373184446,78.7529713026844
125.936297640099,114.040590030704,74.8871691908757
124.180135393698,109.176335973246,68.1523661300281
